"","term","contrast","null.value","estimate","conf.low","conf.high","adj.p.value"
"1","Pregnant","N-Y",0,-11.8630952380952,-30.677806117666,6.95161564147552,0.287888415082076
"2","Pregnant","Male-Y",0,-4.2920168067227,-15.1146851966601,6.53065158321467,0.605287501470216
"3","Pregnant","Male-N",0,7.57107843137254,-11.9897283053121,27.1318851680572,0.619700915135702
